atomic,symbol,english,korean,category,material
1,H,Hydrogen,수소,nonmetal,LIGHT_BLUE_DYE
2,He,Helium,헬륨,noble,WHITE_DYE
3,Li,Lithium,리튬,alkali,RED_DYE
4,Be,Beryllium,베릴륨,alkaline,ORANGE_DYE
5,B,Boron,붕소,metalloid,LIME_DYE
6,C,Carbon,탄소,nonmetal,LIGHT_BLUE_DYE
7,N,Nitrogen,질소,nonmetal,LIGHT_BLUE_DYE
8,O,Oxygen,산소,nonmetal,LIGHT_BLUE_DYE
9,F,Fluorine,플루오린,halogen,YELLOW_DYE
10,Ne,Neon,네온,noble,WHITE_DYE
11,Na,Sodium,나트륨,alkali,RED_DYE
12,Mg,Magnesium,마그네슘,alkaline,ORANGE_DYE
13,Al,Aluminium,알루미늄,post,CYAN_DYE
14,Si,Silicon,규소,metalloid,LIME_DYE
15,P,Phosphorus,인,nonmetal,LIGHT_BLUE_DYE
16,S,Sulfur,황,nonmetal,LIGHT_BLUE_DYE
17,Cl,Chlorine,염소,halogen,YELLOW_DYE
18,Ar,Argon,아르곤,noble,WHITE_DYE
19,K,Potassium,칼륨,alkali,RED_DYE
20,Ca,Calcium,칼슘,alkaline,ORANGE_DYE
21,Sc,Scandium,스칸듐,transition,GRAY_DYE
22,Ti,Titanium,타이타늄,transition,GRAY_DYE
23,V,Vanadium,바나듐,transition,GRAY_DYE
24,Cr,Chromium,크로뮴,transition,GRAY_DYE
25,Mn,Manganese,망가니즈,transition,GRAY_DYE
26,Fe,Iron,철,transition,GRAY_DYE
27,Co,Cobalt,코발트,transition,GRAY_DYE
28,Ni,Nickel,니켈,transition,GRAY_DYE
29,Cu,Copper,구리,transition,GRAY_DYE
30,Zn,Zinc,아연,transition,GRAY_DYE
31,Ga,Gallium,갈륨,post,CYAN_DYE
32,Ge,Germanium,저마늄,metalloid,LIME_DYE
33,As,Arsenic,비소,metalloid,LIME_DYE
34,Se,Selenium,셀레늄,nonmetal,LIGHT_BLUE_DYE
35,Br,Bromine,브로민,halogen,YELLOW_DYE
36,Kr,Krypton,크립톤,noble,WHITE_DYE
37,Rb,Rubidium,루비듐,alkali,RED_DYE
38,Sr,Strontium,스트론튬,alkaline,ORANGE_DYE
39,Y,Yttrium,이트륨,transition,GRAY_DYE
40,Zr,Zirconium,지르코늄,transition,GRAY_DYE
41,Nb,Niobium,나이오븀,transition,GRAY_DYE
42,Mo,Molybdenum,몰리브데넘,transition,GRAY_DYE
43,Tc,Technetium,테크네튬,transition,GRAY_DYE
44,Ru,Ruthenium,루테늄,transition,GRAY_DYE
45,Rh,Rhodium,로듐,transition,GRAY_DYE
46,Pd,Palladium,팔라듐,transition,GRAY_DYE
47,Ag,Silver,은,transition,GRAY_DYE
48,Cd,Cadmium,카드뮴,transition,GRAY_DYE
49,In,Indium,인듐,post,CYAN_DYE
50,Sn,Tin,주석,post,CYAN_DYE
51,Sb,Antimony,안티모니,metalloid,LIME_DYE
52,Te,Tellurium,텔루륨,metalloid,LIME_DYE
53,I,Iodine,아이오딘,halogen,YELLOW_DYE
54,Xe,Xenon,제논,noble,WHITE_DYE
55,Cs,Caesium,세슘,alkali,RED_DYE
56,Ba,Barium,바륨,alkaline,ORANGE_DYE
57,La,Lanthanum,란타넘,lanthanide,PINK_DYE
58,Ce,Cerium,세륨,lanthanide,PINK_DYE
59,Pr,Praseodymium,프라세오디뮴,lanthanide,PINK_DYE
60,Nd,Neodymium,네오디뮴,lanthanide,PINK_DYE
61,Pm,Promethium,프로메튬,lanthanide,PINK_DYE
62,Sm,Samarium,사마륨,lanthanide,PINK_DYE
63,Eu,Europium,유로퓸,lanthanide,PINK_DYE
64,Gd,Gadolinium,가돌리늄,lanthanide,PINK_DYE
65,Tb,Terbium,터븀,lanthanide,PINK_DYE
66,Dy,Dysprosium,디스프로슘,lanthanide,PINK_DYE
67,Ho,Holmium,홀뮴,lanthanide,PINK_DYE
68,Er,Erbium,어븀,lanthanide,PINK_DYE
69,Tm,Thulium,툴륨,lanthanide,PINK_DYE
70,Yb,Ytterbium,이터븀,lanthanide,PINK_DYE
71,Lu,Lutetium,루테튬,lanthanide,PINK_DYE
72,Hf,Hafnium,하프늄,transition,GRAY_DYE
73,Ta,Tantalum,탄탈럼,transition,GRAY_DYE
74,W,Tungsten,텅스텐,transition,GRAY_DYE
75,Re,Rhenium,레늄,transition,GRAY_DYE
76,Os,Osmium,오스뮴,transition,GRAY_DYE
77,Ir,Iridium,이리듐,transition,GRAY_DYE
78,Pt,Platinum,백금,transition,GRAY_DYE
79,Au,Gold,금,transition,GRAY_DYE
80,Hg,Mercury,수은,transition,GRAY_DYE
81,Tl,Thallium,탈륨,post,CYAN_DYE
82,Pb,Lead,납,post,CYAN_DYE
83,Bi,Bismuth,비스무트,post,CYAN_DYE
84,Po,Polonium,폴로늄,post,CYAN_DYE
85,At,Astatine,아스타틴,halogen,YELLOW_DYE
86,Rn,Radon,라돈,noble,WHITE_DYE
87,Fr,Francium,프랑슘,alkali,RED_DYE
88,Ra,Radium,라듐,alkaline,ORANGE_DYE
89,Ac,Actinium,악티늄,actinide,PURPLE_DYE
90,Th,Thorium,토륨,actinide,PURPLE_DYE
91,Pa,Protactinium,프로트악티늄,actinide,PURPLE_DYE
92,U,Uranium,우라늄,actinide,PURPLE_DYE
93,Np,Neptunium,넵투늄,actinide,PURPLE_DYE
94,Pu,Plutonium,플루토늄,actinide,PURPLE_DYE
95,Am,Americium,아메리슘,actinide,PURPLE_DYE
96,Cm,Curium,퀴륨,actinide,PURPLE_DYE
97,Bk,Berkelium,버클륨,actinide,PURPLE_DYE
98,Cf,Californium,캘리포늄,actinide,PURPLE_DYE
99,Es,Einsteinium,아인슈타이늄,actinide,PURPLE_DYE
100,Fm,Fermium,페르뮴,actinide,PURPLE_DYE
101,Md,Mendelevium,멘델레븀,actinide,PURPLE_DYE
102,No,Nobelium,노벨륨,actinide,PURPLE_DYE
103,Lr,Lawrencium,로렌슘,actinide,PURPLE_DYE
104,Rf,Rutherfordium,러더포듐,transition,GRAY_DYE
105,Db,Dubnium,더브늄,transition,GRAY_DYE
106,Sg,Seaborgium,시보귬,transition,GRAY_DYE
107,Bh,Bohrium,보륨,transition,GRAY_DYE
108,Hs,Hassium,하슘,transition,GRAY_DYE
109,Mt,Meitnerium,마이트너륨,unknown,BLACK_DYE
110,Ds,Darmstadtium,다름슈타튬,unknown,BLACK_DYE
111,Rg,Roentgenium,뢴트게늄,unknown,BLACK_DYE
112,Cn,Copernicium,코페르니슘,transition,GRAY_DYE
113,Nh,Nihonium,니호늄,unknown,BLACK_DYE
114,Fl,Flerovium,플레로븀,unknown,BLACK_DYE
115,Mc,Moscovium,모스코븀,unknown,BLACK_DYE
116,Lv,Livermorium,리버모륨,unknown,BLACK_DYE
117,Ts,Tennessine,테네신,halogen,YELLOW_DYE
118,Og,Oganesson,오가네손,noble,WHITE_DYE
