id,formula,korean,english,material,description,state,group,ph,precipitate_color
H2,H₂,수소,Hydrogen,WHITE_STAINED_GLASS_PANE,가연성 기체 분자,GAS,GAS,,
O2,O₂,산소,Oxygen,LIGHT_BLUE_STAINED_GLASS_PANE,산화·연소에 관여하는 기체,GAS,GAS,,
N2,N₂,질소,Nitrogen,CYAN_STAINED_GLASS_PANE,대기의 주성분인 기체,GAS,GAS,,
Cl2,Cl₂,염소,Chlorine,LIME_STAINED_GLASS_PANE,반응성이 큰 할로젠 기체,GAS,GAS,,
I2,I₂,아이오딘,Iodine,PURPLE_DYE,아이오딘 분자 단위,SOLID,HALOGEN,,
H2O,H₂O,물,Water,GLASS_BOTTLE,중성 용매로 사용하는 물,LIQUID,SOLVENT,7,
CO2,CO₂,이산화탄소,Carbon dioxide,GRAY_STAINED_GLASS_PANE,탄산염·연소 반응에서 생성되는 기체,GAS,GAS,,
NH3,NH₃,암모니아,Ammonia,YELLOW_STAINED_GLASS_PANE,염기성을 나타내는 자극성 기체 모델,GAS,GAS,11,
HCl,HCl,염화수소,Hydrogen chloride,WHITE_STAINED_GLASS_PANE,염화수소 기체,GAS,GAS,,
CH4,CH₄,메테인,Methane,BLACK_STAINED_GLASS_PANE,탄화수소 연료 기체,GAS,GAS,,
SO2,SO₂,이산화황,Sulfur dioxide,LIGHT_GRAY_STAINED_GLASS_PANE,황 산화물 기체,GAS,GAS,,
SO3,SO₃,삼산화황,Sulfur trioxide,WHITE_DYE,황산 합성용 산화물,SOLID,OXIDE,,
NO,NO,일산화질소,Nitric oxide,GRAY_STAINED_GLASS_PANE,질소 산화물 기체,GAS,GAS,,
NO2,NO₂,이산화질소,Nitrogen dioxide,BROWN_STAINED_GLASS_PANE,갈색 계열로 표현한 질소 산화물 기체,GAS,GAS,,
H2S,H₂S,황화수소,Hydrogen sulfide,GREEN_STAINED_GLASS_PANE,황화물 반응용 기체 모델,GAS,GAS,,
HClAQ,HCl(aq),염산,Hydrochloric acid,GLASS_BOTTLE,염화수소 수용액,AQUEOUS,ACID,1,
H2SO4,H₂SO₄(aq),황산,Sulfuric acid,GLASS_BOTTLE,산성 수용액,AQUEOUS,ACID,1,
HNO3,HNO₃(aq),질산,Nitric acid,GLASS_BOTTLE,산성 수용액,AQUEOUS,ACID,1,
NaOH,NaOH(aq),수산화나트륨 수용액,Sodium hydroxide solution,GLASS_BOTTLE,강염기성 수용액,AQUEOUS,BASE,13,
KOH,KOH(aq),수산화칼륨 수용액,Potassium hydroxide solution,GLASS_BOTTLE,강염기성 수용액,AQUEOUS,BASE,13,
CaOH2,Ca(OH)₂(aq),수산화칼슘 수용액,Calcium hydroxide solution,GLASS_BOTTLE,염기성 수용액,AQUEOUS,BASE,12,
NaCl,NaCl,염화나트륨,Sodium chloride,SUGAR,대표적인 염,SOLID,SALT,,
NaClAQ,NaCl(aq),염화나트륨 수용액,Sodium chloride solution,GLASS_BOTTLE,염화나트륨 수용액,AQUEOUS,SALT,7,
AgNO3,AgNO₃,질산은,Silver nitrate,QUARTZ,은의 질산염,SOLID,SALT,,
AgNO3AQ,AgNO₃(aq),질산은 수용액,Silver nitrate solution,GLASS_BOTTLE,앙금 반응용 질산은 수용액,AQUEOUS,SALT,7,
BaCl2,BaCl₂,염화바륨,Barium chloride,QUARTZ,바륨의 염화물,SOLID,SALT,,
BaCl2AQ,BaCl₂(aq),염화바륨 수용액,Barium chloride solution,GLASS_BOTTLE,앙금 반응용 염화바륨 수용액,AQUEOUS,SALT,7,
Na2SO4,Na₂SO₄,황산나트륨,Sodium sulfate,SUGAR,나트륨의 황산염,SOLID,SALT,,
Na2SO4AQ,Na₂SO₄(aq),황산나트륨 수용액,Sodium sulfate solution,GLASS_BOTTLE,앙금 반응용 황산나트륨 수용액,AQUEOUS,SALT,7,
PbNO3_2,Pb(NO₃)₂,질산납(II),Lead(II) nitrate,QUARTZ,납의 질산염,SOLID,SALT,,
PbNO3_2AQ,Pb(NO₃)₂(aq),질산납(II) 수용액,Lead(II) nitrate solution,GLASS_BOTTLE,앙금 반응용 질산납 수용액,AQUEOUS,SALT,7,
KI,KI,아이오딘화칼륨,Potassium iodide,SUGAR,칼륨의 아이오딘화물,SOLID,SALT,,
KIAQ,KI(aq),아이오딘화칼륨 수용액,Potassium iodide solution,GLASS_BOTTLE,앙금 반응용 아이오딘화칼륨 수용액,AQUEOUS,SALT,7,
KNO3,KNO₃,질산칼륨,Potassium nitrate,SUGAR,칼륨의 질산염,SOLID,SALT,,
KNO3AQ,KNO₃(aq),질산칼륨 수용액,Potassium nitrate solution,GLASS_BOTTLE,질산칼륨 수용액,AQUEOUS,SALT,7,
NaNO3,NaNO₃,질산나트륨,Sodium nitrate,SUGAR,나트륨의 질산염,SOLID,SALT,,
NaNO3AQ,NaNO₃(aq),질산나트륨 수용액,Sodium nitrate solution,GLASS_BOTTLE,질산나트륨 수용액,AQUEOUS,SALT,7,
CuSO4,CuSO₄,황산구리(II),Copper(II) sulfate,BLUE_DYE,파란색 계열로 표현한 구리 염,SOLID,SALT,,
CuSO4AQ,CuSO₄(aq),황산구리(II) 수용액,Copper(II) sulfate solution,GLASS_BOTTLE,파란색 수용액 모델,AQUEOUS,SALT,5,
FeCl3,FeCl₃,염화철(III),Iron(III) chloride,ORANGE_DYE,철(III) 염화물,SOLID,SALT,,
FeCl3AQ,FeCl₃(aq),염화철(III) 수용액,Iron(III) chloride solution,GLASS_BOTTLE,철(III) 수용액,AQUEOUS,SALT,3,
CaCl2,CaCl₂,염화칼슘,Calcium chloride,QUARTZ,칼슘의 염화물,SOLID,SALT,,
CaCl2AQ,CaCl₂(aq),염화칼슘 수용액,Calcium chloride solution,GLASS_BOTTLE,앙금 반응용 염화칼슘 수용액,AQUEOUS,SALT,7,
ZnCl2,ZnCl₂,염화아연,Zinc chloride,QUARTZ,아연의 염화물,SOLID,SALT,,
ZnCl2AQ,ZnCl₂(aq),염화아연 수용액,Zinc chloride solution,GLASS_BOTTLE,수소 발생 반응의 생성물 수용액,AQUEOUS,SALT,6,
NH4Cl,NH₄Cl,염화암모늄,Ammonium chloride,SNOWBALL,암모니아 발생 실험용 염,SOLID,SALT,,
Na2SO3,Na₂SO₃,아황산나트륨,Sodium sulfite,SUGAR,이산화황 발생 실험용 염,SOLID,SALT,,
NaHCO3,NaHCO₃,탄산수소나트륨,Sodium bicarbonate,WHITE_DYE,이산화탄소 발생 실험용 염,SOLID,SALT,,
FeS,FeS,황화철(II),Iron(II) sulfide,BLACK_DYE,황화수소 발생 실험용 황화물,SOLID,SULFIDE,,
AgCl,AgCl↓,염화은 앙금,Silver chloride precipitate,WHITE_CONCRETE_POWDER,흰색 앙금,PRECIPITATE,PRECIPITATE,,흰색
BaSO4,BaSO₄↓,황산바륨 앙금,Barium sulfate precipitate,WHITE_CONCRETE_POWDER,흰색 앙금,PRECIPITATE,PRECIPITATE,,흰색
PbI2,PbI₂↓,아이오딘화납(II) 앙금,Lead(II) iodide precipitate,YELLOW_CONCRETE_POWDER,노란색 앙금,PRECIPITATE,PRECIPITATE,,노란색
CuOH2,Cu(OH)₂↓,수산화구리(II) 앙금,Copper(II) hydroxide precipitate,LIGHT_BLUE_CONCRETE_POWDER,파란색 앙금,PRECIPITATE,PRECIPITATE,,파란색
FeOH3,Fe(OH)₃↓,수산화철(III) 앙금,Iron(III) hydroxide precipitate,BROWN_CONCRETE_POWDER,적갈색 앙금,PRECIPITATE,PRECIPITATE,,적갈색
CaCO3,CaCO₃↓,탄산칼슘,Calcium carbonate,WHITE_CONCRETE_POWDER,흰색 고체/앙금,PRECIPITATE,PRECIPITATE,,흰색
Fe2O3,Fe₂O₃,산화철(III),Iron(III) oxide,BRICK,철의 대표적인 산화물,SOLID,OXIDE,,
SiO2,SiO₂,이산화규소,Silicon dioxide,QUARTZ,모래·석영 계열을 나타내는 산화물,SOLID,OXIDE,,
CaO,CaO,산화칼슘,Calcium oxide,WHITE_CONCRETE_POWDER,생석회 모델,SOLID,OXIDE,,
CuO,CuO,산화구리(II),Copper(II) oxide,BLACK_DYE,검은색 구리 산화물,SOLID,OXIDE,,
ZnO,ZnO,산화아연,Zinc oxide,WHITE_DYE,아연 산화물,SOLID,OXIDE,,
Al2O3,Al₂O₃,산화알루미늄,Aluminium oxide,QUARTZ,알루미늄 산화물,SOLID,OXIDE,,
Na2CO3,Na₂CO₃,탄산나트륨,Sodium carbonate,WHITE_DYE,탄산나트륨,SOLID,SALT,,
Na2CO3AQ,Na₂CO₃(aq),탄산나트륨 수용액,Sodium carbonate solution,GLASS_BOTTLE,앙금 반응용 탄산나트륨 수용액,AQUEOUS,SALT,11,
FeCl2,FeCl₂,염화철(II),Iron(II) chloride,YELLOW_DYE,철(II) 염화물,SOLID,SALT,,
FeCl2AQ,FeCl₂(aq),염화철(II) 수용액,Iron(II) chloride solution,GLASS_BOTTLE,황화수소 발생 반응의 생성물 수용액,AQUEOUS,SALT,5,
FeSO4,FeSO₄,황산철(II),Iron(II) sulfate,GREEN_DYE,철(II) 황산염,SOLID,SALT,,
FeSO4AQ,FeSO₄(aq),황산철(II) 수용액,Iron(II) sulfate solution,GLASS_BOTTLE,치환 반응용 황산철 수용액,AQUEOUS,SALT,5,
CuNO3_2,Cu(NO₃)₂,질산구리(II),Copper(II) nitrate,CYAN_DYE,구리의 질산염,SOLID,SALT,,
CuNO3_2AQ,Cu(NO₃)₂(aq),질산구리(II) 수용액,Copper(II) nitrate solution,GLASS_BOTTLE,은 석출 반응의 생성물 수용액,AQUEOUS,SALT,4,
CO,CO,일산화탄소,Carbon monoxide,BLACK_STAINED_GLASS_PANE,탄소 산화물 기체,GAS,GAS,,
